Token,Item Name,Variation Name,Reporting Category,Description,SKU,Price
,Medicine Ball Hot Tea,Regular,★ Most Popular,"metabolism booster tea lemon, B1 B12 B6 Vitamin C tablet, Immunity boost, Aloe for digestion",,10.36
,Horchata,Regular,Lit Teas,"Vanilla protein, collagen, energizing tea, fat burner and cinnamon all blended together to make a healthy horchata",,15.00
,Olaf Lit Tea with Fat Reducer,Regular,Lit Teas,"blue blast and blue raspberry flavoring, B1 B6 B12 Vitamin C tablet, lemon tea, aloe for digestion, and prolessa",,14.50
,Peaches and Cream,Regular,Lit Teas,"peach mango beverage mix, collagen, lemon tea, aloe for digestion, and prolessa",,14.50
,Peach Mamacita,Regular,Lit Teas,"Four scoops peach beverage mix, lime flavoring, one scoop of tea, aloe, cucumbers, Chamoy, tajin",,9.68
,Chai Tea 15g Protein,Regular,Lit Teas,chai tea and vanilla protein base blended together to make a hot chai,,6.18
,Lemon Tea with Aloe Hot,Regular,Lit Teas,,,6.18
,Hot Chai with Aloe,Regular,Lit Teas,"Aloe for digestion, Chai tea",,6.18
,Daily Detox,Regular,★ Most Popular,,,10.55
,Detox tea- HOT,Regular,Lit Teas,"fiber, aloe for digestion, lemon tea, probiotic, and a B1 B6 B12 Vitamin C tablet",,8.75
,Blackberry Detox,Regular,Lit Teas,"3g Fiber, 1 billion probiotics, lift off, tea, Aloe",,10.55
,Chai tea aloe infused,Regular,Lit Teas,,,6.18
,Ginger infused with Aloe,Regular,Lit Teas,Ginger herbal tea and Mango aloe,,6.18
,Bobby,Regular,Lit Teas,"15 gram of protein, Pom lift off, Aloe, Collagen, NRG",,11.75
,Banana Split,Regular,★ Most Popular,"topped with granola, banana, and sugar free Caramel, 24g protein",,11.78
,Fuzzy Navel,Regular,Lit Teas,"watermelon and pina colada flavoring, energy and metabolism booster teas, aloe for digestion, B1 B6 B12 Vitamin C tablet, and H3O for hydration and a citrus flavor",,10.36
,Hang Over Tea- HOT,Regular,Lit Teas,"Lemon tea, aloe for digestion, H3O for hydration and a citrus flavor, and a B1 B6 B12 Vitamin C tablet",,8.75
,Lil Red Corvette,Regular,Lit Teas,"Wild berry beverage mix, collagen, lemon tea, aloe for digestion, and prolessa",,14.50
,Mamacita,Regular,Lit Teas,"22g protein Wild berry and peach mango beverage mix, aloe for digestion, lime flavoring topped with cucumbers, chamoy, and tajin",,9.68
,Summer Breeze Protini,Regular,Lit Teas,"15g protein, B6 & B12",,9.00
,Sunset Splash Protini,Regular,Lit Teas,"15g protein, B6 & B12",,9.00
,Cotton Candy Lit tea,Regular,Lit Teas,"Lime and lemon flavoring, B1 B6 B12 Vitamin C tablet, energy and metabolism teas, and aloe for digestion",,9.00
,Cucumber Margarita,Regular,Lit Teas,"Lime and lemon flavoring, B1 B6 B12 Vitamin C tablet, energy and metabolism teas, and aloe for digestion",,9.00
,Island Cooler,Regular,Lit Teas,"Lime and lemon flavoring, B1 B6 B12 Vitamin C tablet, energy and metabolism teas, and aloe for digestion",,9.00
,Saint Patty  March Menu,Regular,Lit Teas,"Collagen, liftoff, NRG, ALoe",,8.75
,Pot of Gold March Menu,Regular,Lit Teas,"Collagen, liftoff, NRG, ALoe",,8.75
,Rainbow Rush March menu,Regular,Lit Teas,"Rainbow Candy flavoring, B1 B6 B12 Vitamin C tablet, energy and metabolism teas, and aloe for digestion",,8.75
,Over the Rainbow March Menu,Regular,Lit Teas,"Collagen, liftoff, NRG, ALoe",,8.75
,Emerald City March Menu,Regular,Lit Teas,"Collagen, liftoff, NRG, ALoe",,8.75
,Gold Digger March Menu,Regular,Lit Teas,"Collagen, liftoff, NRG, ALoe",,8.75
,Shadow Creek High Lit Tea,Regular,Lit Teas,"Lime and lemon flavoring, B1 B6 B12 Vitamin C tablet, energy and metabolism teas, and aloe for digestion",,8.75
,Drago Fruit Beauty- Collagen,Regular,Lit Teas,"Collagen (for hair, skin, and nails) for a strawberry lemonade flavor, energy boosting tea, B1 B6 B12 Vitamin C tablet, and aloe for digestion",,8.75
,Turner High School Lit tea,Regular,Lit Teas,"32oz energy, mental focus, b6 and B 12, aloe",,8.75
,Pearland High Lit tea,Regular,Lit Teas,"watermelon and strawberry flavoring, aloe for digestion, B1 B6 B12 Vitamin C tablet, energy and metabolism booster tea",,8.75
,Dawson High Lit Tea,Regular,Lit Teas,"32oz energy, mental focus, b6 and B 12, aloe",,8.75
,Hibiscus NRG packet,Regular,Lit Teas,,,1.85
,Beaty Tea- Berry Bright Glow,Regular,Lit Teas,"Collage, Mental focus, Energy",,8.75
,Protini- Cucumber Breeze,Regular,Lit Teas,"Energy, mental focus, protein",,8.75
,Protini - Sexy Summer,Regular,Lit Teas,"Energy, Aloe, Protein",,8.75
,Cucumber - Margarita,Regular,Lit Teas,"Lime and lemon flavoring, B1 B6 B12 Vitamin C tablet, energy and metabolism teas, and aloe for digestion",,8.75
,Summer Quench,Regular,Lit Teas,"Lime and lemon flavoring, B1 B6 B12 Vitamin C tablet, energy and metabolism teas, and aloe for digestion",,8.75
,Egg Hunt Beauty Tea,Regular,Lit Teas,"Beauty, NRG, Lemon Tea, Aloe, Blue Raspberry, Watermelon",,8.75
,Bunny Trail Beauty Tea,Regular,Lit Teas,"collagen, NRG tea, Tea, Aloe, Blue raspberry, pina colada, coconut",,8.75
,Peter Cottontail Lit Tea,Regular,Lit Teas,"Rainbow, Orange- pina colada flavoring, aloe for digestion, B1 B6 B12 Vitamin C tablet, energy and metabolism booster tea",,8.75
,Bunny Hop Lit tea,Regular,Lit Teas,"Lime LO, lemon tea, nrg, Mango aloe , watermelon, Raspberry",,8.75
,Butterfly Kisses Protini,Regular,Lit Teas,"peach mango beverage mix, lime liftoff, aloe mango",,8.75
,Easter Basket Protini,Regular,Lit Teas,"peach mango beverage mix, Wild Berry Beverage mix , lime liftoff, aloe mango",,8.75
,Tea_Aloe_Fiber,Regular,Lit Teas,,,5.75
,Fly Eagles Fly,Regular,Lit Teas,Mega Tea,,8.75
,Chief Nation,Regular,Lit Teas,Mega Tea,,8.75
,Lets Go Chieeffs,Regular,Lit Teas,Mega TEA,,8.75
,Love Potion,Regular,Lit Teas,"White grape, cherry, watermelon lit tea",,8.75
,XOXO,Regular,Lit Teas,,,8.75
,Daisy Duke,Regular,Lit Teas,Protinini with a Liftoff,,11.50
,Winter Wonderland lit tea,Regular,Lit Teas,"Orange, LO, Lemon tea, NRG tea, Blue Blast, Cocnut",,8.75
,Secret Santa lit tea,Regular,Lit Teas,"Pomegranate LO, Lemon tea, NRG tea, Aloe,",,8.75
,Feliz Navidad  15g Protein,Regular,Lit Teas,"15g protein, aloe, white grape, cherry, NRG tea",,8.76
,Santa Baby  collagen,Regular,Lit Teas,"Collagen, Pomegranate LO, NRG tea, aloe, Strawberry, white grape",,8.75
,Jack Frost,Regular,Lit Teas,"nitework, lemon tea, NRG tea, aloe, blue blast, coconut",,8.75
,Strawberry Blitz,Regular,Lit Teas,"Pom Liftoff, collagen, aloe, Cr7",,8.75
,Kids Drink Blue Blast,Regular,Lit Teas,CR7 and blue blast flavoring,,3.25
,Kids Drink Grape,Regular,Lit Teas,CR7 and grape flavoring,,3.25
,Kids Drink Watermelon,Regular,Lit Teas,CR7 and watermelon flavoring,,3.25
,Texas Big Red,Regular,Lit Teas,"wild berry beverage mix, aloe for digestion, and tropical mango preworkout",,8.75
,Fish Bowl,Regular,Lit Teas,"Blue raspberry flavoring, aloe for digestion, B1 B6 B12 Vitamin C tablet, energy tea, H3O for hydration and a citrus flavor, and Swedish fish",,8.75
,Wonder Woman,Regular,★ Most Popular,"Blue blast and watermelon flavoring, aloe for digestion, B1 B6 B12 Vitamin C tablet, energy and metabolism booster tea",,8.75
,Bikini In a Bottle  Protini,Regular,Lit Teas,"Aloe for digestion, lemon tea, wild berry beverage mix, and apple fiber",,8.75
,Peach Sangria,Regular,Lit Teas,"peach mango beverage mix, collagen (for hair, skin, and nails) to provide a strawberry lemonade flavor, aloe for digestion, and lemon tea",,8.75
,Strawberry Daiquiri,Regular,Lit Teas,"Collagen (for hair, skin, and nails) for a strawberry lemonade flavor, energy boosting tea, B1 B6 B12 Vitamin C tablet, and aloe for digestion",,8.75
,Strawberry Margarita,Regular,Lit Teas,"Collagen (for hair, skin, and nails) for a strawberry lemonade flavor, strawberry flavoring, energy boosting tea, B1 B6 B12 Vitamin C tablet, and aloe for digestion",,8.75
,Strawberry Sangria,Regular,Lit Teas,"wild berry beverage mix, collagen (for hair, skin, and nails) to provide a strawberry lemonade flavor, aloe for digestion, and lemon tea",,8.75
,Jelly Bean,Regular,Lit Teas,"Grape and watermelon flavoring, aloe for digestion, B1 B6 B12 Vitamin C tablet, energy and metabolism booster tea",,8.75
,Dragon Juice,Regular,Lit Teas,"Grape and blue blast flavoring, aloe for digestion, B1 B6 B12 Vitamin C tablet, energy and metabolism booster tea",,8.75
,Watacolada  Watermelon/ Pina colada,Regular,Lit Teas,"watermelon and pina colada flavoring, aloe for digestion, B1 B6 B12 Vitamin C tablet, energy and metabolism booster tea",,8.75
,Madori,Regular,Lit Teas,"Blue blast flavoring, energy and metabolism booster tea, aloe for digestion, and H3O for hydration and a citrus flavor",,8.75
,Sour Patch,Regular,Lit Teas,"Blue blast flavoring, aloe for digestion, B1 B6 B12 Vitamin C tablet, energy tea, H3O for hydration and a citrus flavor",,8.75
,Jolly Rancher,Regular,Lit Teas,"Raspberry and blue raspberry flavoring, aloe for digestion, B1 B6 B12 Vitamin C tablet, energy and metabolism booster tea",,8.75
,Raspberry Sunrise,Regular,Lit Teas,"raspberry flavoring, energy tea, aloe for digestion, H3O for hydration and a citrus flavor, and a B1 B6 B12 Vitamin C tablet",,8.75
,Purple Rain,Regular,Lit Teas,"Grape flavoring, energy tea, aloe for digestion, CR7 for hydration and berry flavoring, and a B1 B6 B12 Vitamin C tablet",,8.75
,Blue Pina Lit Tea,Regular,Lit Teas,"Blue blast and pina colada flavoring, aloe for digestion, B1 B6 B12 Vitamin C tablet, energy and metabolism booster tea",,8.75
,Purple Passion,Regular,Lit Teas,"Grape flavoring, energy tea, aloe for digestion, H3O for hydration and a citrus flavor, and a B1 B6 B12 Vitamin C tablet",,8.75
,Cherry Limeade,Regular,Lit Teas,"cherry limeade and lime flavoring, energy and metabolism booster teas, aloe for digestion, B1 B6 B12 Vitamin C tablet, topped with cherries",,8.75
,Cosmo,Regular,Lit Teas,"Collagen for hair, skin, nails, and a strawberry lemonade flavor, B1 B6 B12 Vitamin C tablet, probiotic, and aloe for digestion",,8.75
,Green Apple,Regular,Lit Teas,"Green apple flavoring, aloe for digestion, B1 B6 B12 Vitamin C tablet, energy and metabolism booster tea",,8.75
,Green Shamrock,Regular,Lit Teas,"Blue blast flavoring, energy tea, aloe for digestion, H3O for hydration and a citrus flavor, and a B1 B6 B12 Vitamin C tablet",,8.75
,Lucky Lit Tea,Regular,Lit Teas,"Green apple flavoring, energy tea, aloe for digestion, H3O for hydration and a citrus flavor, and a B1 B6 B12 Vitamin C tablet",,8.75
,Mamba,Regular,Lit Teas,"Grape and watermelon flavoring, aloe for digestion, B1 B6 B12 Vitamin C tablet, energy booster tea, and H3O for hydration",,8.75
,Blue Margarita,Regular,Lit Teas,"Blue raspberry, lime, and margarita flavoring, aloe for digestion, B1 B6 B12 Vitamin C tablet, energy tea, and topped with tajin",,8.75
,Over The Rainbow,Regular,Lit Teas,"rainbow candy flavoring, energy tea, aloe for digestion, H3O for hydration and a citrus flavor, and a B1 B6 B12 Vitamin C tablet",,8.75
,Cucumber and Watermelon,Regular,Lit Teas,"Cucumber and watermelon flavoring, aloe for digestion, B1 B6 B12 Vitamin C tablet, energy and metabolism booster tea",,8.75
,Pineapple Upside Down,Regular,★ Most Popular,"pina colada flavoring, cherry juice for flavor, aloe for digestion, B1 B6 B12 Vitamin C tablet, energy and metabolism booster tea",,8.75
,Pretty In Pink,Regular,Lit Teas,"rainbow candy flavoring, energy tea, aloe for digestion, H3O for hydration and a citrus flavor, and a B1 B6 B12 Vitamin C tablet",,8.75
,Strawberry Sunrise,Regular,Lit Teas,"strawberry flavoring, energy tea, aloe for digestion, H3O for hydration and a citrus flavor, and a B1 B6 B12 Vitamin C tablet",,8.75
,Cherry bomb lit tea,Regular,Lit Teas,"CR7 pack, BlackBerry Spark , aloe",,8.75
,Orange/Pineapple Push Pop Lit🔥Tea,Regular,★ Most Popular,"Boost metabolism, hydration refresher",,8.75
,Cowabunga,Regular,Lit Teas,"Blue blast, green apple, and pina colada flavoring, aloe for digestion, B1 B6 B12 Vitamin C tablet, energy and metabolism booster tea",,8.75
,Crazy In Love,Regular,★ Most Popular,"Pom. L.O. , collagen, 2 scoop wild berry bev mix, 1/2 tsp Cherry flavoring, whipped cream",,8.75
,Poinsettia Punch Lit Tea,Regular,Lit Teas,"Lime and lemon flavoring, B1 B6 B12 Vitamin C tablet, energy and metabolism teas, and aloe for digestion",,8.75
,Tigers blood,Regular,Lit Teas,"Pom. L.O. , collagen, 2 scoop wild berry bev mix, 1/2 tsp Cherry flavoring, 1/4 tsp NRG",,8.75
,Blue Lemonade,Regular,Lit Teas,"Lemon tea, aloe for digestion, collagen for hair skin and nails, and a B1 B6 B12 Vitamin C tablet, blue and lemonade flavors",,8.75
,Mimosa,Regular,Lit Teas,"H3O, 24 pineapple liftoff, aloe, sparking water",,8.75
,Blue Ocean,Regular,Lit Teas,"Lift off, H3O, NRG, blue blast",,8.75
,Island Girl,Regular,Lit Teas,"NRG tea, aloe for digestion, POM liftoff, CR7 for hydration, and orange pineapple flavoring",,8.75
,Arnold Palmer Lit Tea,Regular,Lit Teas,"Lime and lemon flavoring, B1 B6 B12 Vitamin C tablet, energy and metabolism teas, and aloe for digestion",,8.75
,Astros Lit Tea,Regular,Lit Teas,,,8.75
,Jello Shot,Regular,Lit Teas,Orange liftoff NRG,,1.00
,Daiquiri,Regular,Lit Teas,,,8.75
,Shirley Temple,Regular,Lit Teas,,,8.75
,Blue Cherry Lit tea,Regular,Lit Teas,"32oz energy, mental focus, b6 and B 12, aloe",,8.75
,In the Jungle,Regular,Lit Teas,,,8.75
,Elderberry Shot,Regular,Lit Teas,"Elderberry, vitamin D, zinc, vitamin C, acerola cherry, relishing mushrooms",,0.00
,Candy Apple,Regular,Lit Teas,"metabolism booster tea lemon, B1 B12 B6 Vitamin C tablet, Immunity boost, Aloe for digestion",,8.75
,Harvest Punch,Regular,Lit Teas,"metabolism booster tea lemon, B1 B12 B6 Vitamin C tablet, Immunity boost, Aloe for digestion",,8.75
,Hocus Pocus,Regular,Lit Teas,"metabolism booster tea lemon, B1 B12 B6 Vitamin C tablet, Immunity boost, Aloe for digestion",,8.75
,Fall Sunshine,Regular,Lit Teas,"metabolism booster tea lemon, B1 B12 B6 Vitamin C tablet, Immunity boost, Aloe for digestion",,8.75
,Sweater Weather,Regular,Lit Teas,"metabolism booster tea lemon, B1 B12 B6 Vitamin C tablet, Immunity boost, Aloe for digestion",,8.75
,Fall For You,Regular,Lit Teas,"metabolism booster tea lemon, B1 B12 B6 Vitamin C tablet, Immunity boost, Aloe for digestion",,8.75
,Fall Vibes,Regular,Lit Teas,"metabolism booster tea lemon, B1 B12 B6 Vitamin C tablet, Immunity boost, Aloe for digestion",,8.75
,Let it Snow,Regular,Lit Teas,"metabolism booster tea lemon, B1 B12 B6 Vitamin C tablet, Immunity boost, Aloe for digestion",,8.75
,Liftoff orange stick,Regular,Lit Teas,B vitamins,,3.00
,Holiday Cheer,Regular,Lit Teas,"Orange LO, lemon tea, NRG, Cherry Pinapple",,8.75
,Christmas Tree,Regular,Lit Teas,"Raspberry and blue raspberry flavoring, aloe for digestion, B1 B6 B12 Vitamin C tablet, energy and metabolism booster tea",,8.75
,Jingle Juice,Regular,Lit Teas,"Pom LO, lemon tea, aloe, NRG, cherry, and passionfruit",,8.75
,Orange Ginger lit Tea,Regular,Lit Teas,"Ginger, tea, orange, lift off, NRG, aloe, orange pineapple",,8.75
,Chai tea packet,Regular,Lit Teas,To-go Individual tea packet,,1.85
,Color Purple,Regular,Lit Teas,"Vitamin B1, B6, metabolism booster, aloe",,8.75
,Berry Single,Regular,Lit Teas,"Pomagranate LO, NRG, ALOE, Collagen, Pinacolada Strawberry",,8.75
,Mambo -Mardi Gras,Regular,Lit Teas,"Pomegranate LO, lemon tea, aloe, nrg, (Rainbow, grape, blue blast)",,8.75
,Fat Tuesday - Mardi Gras,Regular,Lit Teas,"Lime LO, Lemon tea, aloe NRG tea (strawberry, grape, blue bast)",,8.75
,Beaded Tea,Regular,Lit Teas,"Pomegranate LO, Beverage mix , aloe",,8.75
,Teacher Tea Blue Pina,Regular,Lit Teas,,,3.65
,Cherry Orange lit tea,Regular,Lit Teas,,,8.75
,Nerds Candy,Regular,Lit Teas,Lit tea,,8.75
,Teacher Tea Arnold Palmer,Regular,Lit Teas,,,3.65
,Teacher Tea Watacolada,Regular,Lit Teas,,,3.65
,Cherry Blow pop,Regular,Lit Teas,"Raspberry, Pom lift off, watermelon, cherry, aloe",,8.75
,Thor,Regular,Lit Teas,"Spark Pineapple, rainbow candy, aloe, orange pineapple flavor",,8.75
,Green Goddess -Peach,Regular,Lit Teas,15 g Peach Mango beverage mix plus serving greens,,8.75
,Green Goddess- Berry,Regular,Lit Teas,15g wild berry protein plus a scoop of our greens,,8.75
,Orange Punch,Regular,Lit Teas,"Boost metabolism, hydration refresher",,8.75
,Liftoff®: Tropical Fruit Force Stick,Regular,Lit Teas,B vitamins,,3.00
,Strawberry Sunrise Gourmet,Regular,Shakes & Smoothies,24g protein,,9.98
,Beach Bum,Regular,Shakes & Smoothies,24g protein,,9.98
,Cotton candy Cloud,Regular,Shakes & Smoothies,24g protein,,9.98
,Lemon Blueberry Icebox,Regular,Shakes & Smoothies,24g protein,,9.98
,Mint Chocolate Oreo March Menu,Regular,Shakes & Smoothies,"32 oz 24gram protein, 5g fiber",,9.68
,Lucky Charms March Menu,Regular,Shakes & Smoothies,"32 oz 24gram protein, 5g fiber",,9.68
,Kiss Cookie,Regular,Shakes & Smoothies,"32oz, 24g Protein",,9.67
,Cinnamon Roll Gourmet,Regular,Shakes & Smoothies,"24g protein , 32oz cup 230 calories",,9.68
,Maple Pecan Latte 32oz,Regular,Shakes & Smoothies,24g protein,,9.68
,Peanutbutter Egg- Gourment,Regular,Shakes & Smoothies,24g protein,,9.68
,Lemon Pound Cake Gourmet,Regular,Shakes & Smoothies,"16g protein, 190 calories 20 oz cup",,9.68
,Number  Mr.Kerry,Regular,Shakes & Smoothies,"33g protein, 5g fiber, 21 vitamins & minerals, L-glutamin",,9.68
,Pralines Pecan -Mardi Grass,Regular,Shakes & Smoothies,"16g protein, 190 calories 20 oz cup",,9.68
,Pralines N Cream,Regular,Shakes & Smoothies,"16g protein, 190 calories 20 oz cup",,7.50
,Banana Foster -Mardi Gras,Regular,Shakes & Smoothies,"24g protein , 20oz cup 240 calories",,9.68
,Guy,Regular,Shakes & Smoothies,,,0.00
,Praline Latte 1,Regular,Shakes & Smoothies,24g protein 32 oz cup,,9.68
,Peppermint Mocha Coffee  or hot 32oz,Regular,Shakes & Smoothies,24g protein,,9.68
,Frozen Hot Chocolate Gourmet,Regular,Shakes & Smoothies,"24g protein , 32oz cup, topped with chocolate & marshmellow",,9.68
,King Cake -Mardi Gras,Regular,Shakes & Smoothies,24g protein,,9.68
,Apple Pie Smoothie Gourmet,Regular,Shakes & Smoothies,"24g Protein, 10g fiber, 21 vitamin and minerals",,9.68
,Vegetarian Brownie Batter Smoothie,Regular,Shakes & Smoothies,"24g chick pea & rice protein, 5g fiber, 21 vitamin and minerals",,8.50
,Vegetarian Cinnamon Roll Smoothie,Regular,Shakes & Smoothies,"24g chick pea & rice protein, 5g fiber, 21 vitamin and minerals",,8.50
,Vegetarian Vanilla Smoothie,Regular,Shakes & Smoothies,"24g chick pea & rice protein, 5g fiber, 21 vitamin and minerals",,8.00
,Waffle -Dulce de Leche,Regular,Shakes & Smoothies,"topped with granola, banana, and sugar free Caramel",,11.78
,Vegetarian Apple Pie,Regular,Shakes & Smoothies,24g protein,,8.00
,Vegetarian Strawberry Shake,Regular,Shakes & Smoothies,"24g chick pea & rice protein, 5g fiber, 21 vitamin and minerals",,8.00
,Protein Oatmeal-Banana,Regular,Shakes & Smoothies,"Calories 325, protein 15.9g",,5.95
,Protein Oatmeal-Pralines,Regular,Shakes & Smoothies,"Calories 325, protein 15.9g",,6.75
,Pumpkin Spice Latte  or hot 32oz,Regular,Shakes & Smoothies,24g protein,,9.68
,Waffle -Chocolate,Regular,Shakes & Smoothies,"topped with granola, banana, and sugar free Caramel",,11.78
,Waffle  -Banana,Regular,Shakes & Smoothies,"topped with granola, banana, and sugar free Caramel",,11.78
,Waffle - Pine apple Mango,Regular,Shakes & Smoothies,"topped with granola, banana, and sugar free Caramel",,11.78
,Salted Caramel Frappe,Regular,★ Most Popular,24g protein,,9.68
,Chocolate Covered Banana,Regular,Shakes & Smoothies,"33g protein, 5g fiber, 21 vitamins & minerals, L-glutamin",,9.68
,Coffee Crusted Praline N Cream,Regular,Shakes & Smoothies,30g protein,,9.68
,Mango Tango,Regular,Shakes & Smoothies,24g protein,,9.68
,Fried Ice cream   Gourmet,Regular,★ Most Popular,24g protein,,9.68
,Fruity Force Gourmet,Regular,Shakes & Smoothies,"24g Protein, 5g fiber, 21 vitamin & Minerals, B6 & B12",,9.68
,Keto Berry Smoothie,Regular,Shakes & Smoothies,"30g protein, 8carbs",,9.68
,Bougie Shake,Regular,★ Most Popular,24g protein,,9.68
,Fruity Pebbles Gourmet,Regular,★ Most Popular,24g protein,,9.68
,Coco-Pebbles,Regular,Shakes & Smoothies,24g protein,,9.68
,S'mores,Regular,Shakes & Smoothies,24g protein,,9.68
,Keto Peach Mango,Regular,Shakes & Smoothies,"30g protein, 8carbs",,9.68
,Texas Sunset Gourmet,Regular,Shakes & Smoothies,30g protein,,9.68
,Limarita Gourmet,Regular,Shakes & Smoothies,"24g Protein, 5g fiber, 21 vitamin & Minerals, B6 & B12",,9.68
,Push Pop Gourmet,Regular,Shakes & Smoothies,"24g Protein, 5g fiber, 21 vitamin & Minerals, B6 & B12",,9.68
,Double Chocolate Smoothie,Regular,Shakes & Smoothies,"33g protein, 5g fiber, 21 vitamins & minerals, L-glutamin",,9.68
,Peach Cobbler Gourmet,Regular,Shakes & Smoothies,24g protein,,9.68
,Orange Blast Gourmet,Regular,Shakes & Smoothies,24g protein,,9.68
,Wild Berry Lemonade,Regular,Shakes & Smoothies,24g protein,,9.68
,Banana Pudding,Regular,★ Most Popular,24g protein,,9.68
,Butter Pecan Gourmet,Regular,Shakes & Smoothies,24g protein,,9.68
,Maple Pecan Gourmet,Regular,Shakes & Smoothies,24g protein,,9.68
,Mr.Kerry with creatine bottle,Regular,Shakes & Smoothies,"33g protein, 5g fiber, 21 vitamins & minerals, L-glutamin",,12.40
,The Hulk,Regular,Shakes & Smoothies,30g protein,,9.68
,Tropical Twist,Regular,Shakes & Smoothies,24g protein,,9.68
,Whatchamacallit,Regular,Shakes & Smoothies,24g protein,,9.68
,Strawberry Cheesecake Gourmet,Regular,★ Most Popular,"24g protein, strawberries, whipped cream, and granola",,9.68
,Blueberry Cheesecake,Regular,Shakes & Smoothies,"24g protein, blueberries, whipped cream, and granola",,9.68
,Red Velvet Gourmet,Regular,Shakes & Smoothies,24g protein,,9.68
,Pumpkin Pie Gourmet,Regular,Shakes & Smoothies,"24g protein, sugar free caramel around the sides, topped with whipped cream, caramel, a dash of cinnamon, and pecans if wanted",,9.68
,Wild Berry,Regular,Shakes & Smoothies,24g protein,,7.50
,Strawberry Shortcake,Regular,Shakes & Smoothies,24g protein,,7.50
,Strawberry Banana Shake,Regular,Shakes & Smoothies,24g protein,,7.21
,Snickerdoodle,Regular,Shakes & Smoothies,24g protein,,7.21
,Reeces Cup,Regular,Shakes & Smoothies,24g protein,,7.50
,Cherry Almond Chocolate,Regular,Shakes & Smoothies,24g protein 32 oz cup,,9.68
,Pina Colada,Regular,Shakes & Smoothies,"16g protein, 190 calories 20 oz cup",,7.50
,Peanut Butter Jelly,Regular,Shakes & Smoothies,24g protein,,7.50
,Peanut Butter Cookie,Regular,Shakes & Smoothies,"16g protein, 20oz cup",,7.50
,Orange Creamsicle,Regular,Shakes & Smoothies,24g protein,,7.50
,Lemon Cookie,Regular,Shakes & Smoothies,"16g protein, 190 calories 20 oz cup",,7.50
,French Vanilla,Regular,Shakes & Smoothies,"16g protein , 20oz cup 190 calories",,7.50
,Dutch Chocolate,Regular,Shakes & Smoothies,"16g protein , 20oz cup 190 calories",,7.50
,Dulce De Leche,Regular,Shakes & Smoothies,"16g protein , 20oz cup 190 calories",,7.50
,Cookies N Cream,Regular,Shakes & Smoothies,"16g protein , 20oz cup 190 calories",,7.50
,Cinnamon Toast Crunch,Regular,Shakes & Smoothies,16g protein 20oz,,7.50
,Cinnamon Roll,Regular,Shakes & Smoothies,"16g protein , 20oz cup 190 calories",,7.50
,Cinn-a-Bun,Regular,Shakes & Smoothies,"16g protein , 20oz cup 190 calories",,7.50
,Cafe Latte,Regular,Shakes & Smoothies,"16g protein , 20oz cup 190 calories",,7.50
,Butterfingers,Regular,Shakes & Smoothies,"16g protein , 20oz cup 190 calories",,7.50
,Brownie Batter,Regular,Shakes & Smoothies,"16g protein , 20oz cup 190 calories",,7.50
,Blue Pina Smoothie,Regular,Shakes & Smoothies,"16g protein , 20oz cup 190 calories",,7.50
,Blue Banana,Regular,Shakes & Smoothies,"16g protein , 20oz cup 190 calories",,7.50
,Birthday Cake,Regular,Shakes & Smoothies,"16g protein , 20oz cup 190 calories",,7.50
,Banana Muffin,Regular,Shakes & Smoothies,"16g protein , 20oz cup 190 calories",,7.50
,Banana Colada,Regular,Shakes & Smoothies,"16g protein , 20oz cup 190 calories",,7.50
,Banana Carmel,Regular,Shakes & Smoothies,"16g protein , 20oz cup 190 calories",,7.50
,Banana Bread Gourmet,Regular,Shakes & Smoothies,"24g protein , 32oz cup 190 calories",,9.68
,Mint Chocolate,Regular,Shakes & Smoothies,16g protein,,7.50
,Banana Peanut Cookie,Regular,Shakes & Smoothies,"16g protein , 20oz cup 190 calories",,7.50
,Banana Foster,Regular,Shakes & Smoothies,"16g protein , 20oz cup 190 calories",,7.50
,Caramel Latte,Regular,Shakes & Smoothies,"16g protein , 20oz cup 190 calories",,7.50
,Strawberry Cheesecake,Regular,Shakes & Smoothies,16g protein,,7.50
,Red Velvet Smoothie,Regular,Shakes & Smoothies,"16g protein, 190 calories 20 oz cup",,7.50
,Vegan Vanilla Shake 20g,Regular,Shakes & Smoothies,Plant Bast Vegan Line 20g protein,,5.00
,Vegan Chocolate 20g,Regular,Shakes & Smoothies,Plant-Base Chocolate Vegan 20g,,5.00
,Pumpkin Smoothie,Regular,Shakes & Smoothies,20oz Pumpkin Spice 16g protein,,7.50
,Rebuild to-go,Regular,Shakes & Smoothies,Rebuild,,6.00
,Key Lime Pie Gourmet,Regular,Shakes & Smoothies,"24g protein, B6 and B12",,9.68
,Strawberrry Boba,Regular,Shakes & Smoothies,"24g protein, Popping Boba on top",,9.68
,Chocolate Covered Strawberry,Regular,Shakes & Smoothies,"Gourmet smoothie topped with fresh strawberry, chocolate sprinkles, and whipped cream",,9.68
,Walk to Remember,Regular,Shakes & Smoothies,Wild berry & Ducle topped with whipped Cream and granola.,,9.68
,Cherry Cheesecake Gourmet,Regular,Shakes & Smoothies,24g protein topped with whipped topping and gram cracker and cherry,,9.68
,Cherry Mango Pineapple,Regular,Shakes & Smoothies,Gourmet 24g protein topped with whipped cream and granola,,9.68
,Peanut Butter Crunch 32oz,Regular,Shakes & Smoothies,24g 32oz Banana smoothie with peanut butter on cup with granola on top,,9.68
,Extra Aloe -,Regular,Toppings & Add-Ons,"0 calories, 0 g sugar, soothes the stomach, supports healthy digestion, relieves occasional indigestion, supports nutrient absorption & intestinal health",,1.50
,Single Aloe Mango Pack,Regular,Aloe,pack,,3.00
,Single Aloe Mandarin Pack,Regular,Aloe,pack,,3.00
,Single Aloe Cranberry Pack,Regular,Aloe,pack,,3.00
,Concentrate Single-Serve Packets: Mango,Regular,Aloe,Concentrate Single-Serve Packets: Mango,,3.00
,Protein puppy chow,Regular,Bars & Snacks,,,3.50
,Peanut butter Protein Balls,Regular,Bars & Snacks,"178 cal, 10.6g Fat, 12.9g carb, 6.9g protein",,3.75
,Cookies 🍪,Regular,Bars & Snacks,"178 cal, 10.6g Fat, 12.9g carb, 11g protein",,3.50
,CakePop,Regular,Bars & Snacks,Protein Cake Balls 56 calories 6g protein 5.4g carbs,,3.25
,Banana Pumkin muffins,Regular,Bars & Snacks,,,2.00
,Brownie Balls,Regular,Bars & Snacks,,,3.75
,Protein bits,Regular,Bars & Snacks,4g protein,,2.25
,Brownie 20g -Protein Bar,Regular,Bars & Snacks,20g Protein,,5.50
,Cookies n Cream 20g -Protein Bar 1,Regular,Bars & Snacks,20g Protein,,5.50
,Lemon Bar -10g protein,Regular,Bars & Snacks,10g Protein,,3.00
,Almond Bar -10g protein,Regular,Bars & Snacks,10g Protein,,3.00
,Cookies & Cream Meal Bar,Regular,Bars & Snacks,Nutrient Dense Bar for Good Nutrition & Weight Management,,5.50
,Chips,Regular,Bars & Snacks,8g protein,,4.50
,Chips 3 for $12,Regular,Bars & Snacks,8g protein,,4.50
,Blackberry Liftoff,Regular,Boosters & Shots,A fruity liftoff flavor for energy and vitamins,,3.00
,Lemon Lime Liftoff,Regular,Boosters & Shots,"Boost Energy & Focus -vitamins B12 , B6 and C",,3.00
,Liftoff Pineapple,Regular,Boosters & Shots,,,3.00
,Pomegranate Liftoff,Regular,Boosters & Shots,"Boost Energy & Focus -vitamins B12 , B6 and C",,3.00
,Orange Liftoff,Regular,Boosters & Shots,"Boost Energy & Focus -vitamins B12 , B6 and C",,3.00
,H3O packet,Regular,Boosters & Shots,"Hydration, electrolytes",,3.50
,Lemon Individual tea,Regular,Boosters & Shots,1 serving of tea 0 calories,,1.85
,Raspberry Individual tea,Regular,Boosters & Shots,0 calories,,1.85
,Banana Coffee March,Regular,Protein Coffee,,,9.68
,Small Mocha Protein Coffee,Regular,Protein Coffee,"15 g protein per serving, 100 calories per serving, 2 g sugar per serving, 80 mg caffeine per serving",,5.50
,House Protein Ice Coffee,Regular,Protein Coffee,15g coffee with protein,,5.50
,Small Iced Caramel Macchiato Coffee,Regular,Protein Coffee,coffee with 15g protein 20oz,,5.50
,Large House Coffee,Regular,Protein Coffee,"20 g protein per serving, 150 calories per serving, 3 g sugar per serving, 120 mg caffeine per serving topped whip cream 32oz",,9.68
,Large Caramel Macchiato Coffee,Regular,Protein Coffee,"20 g protein per serving, 150 calories per serving, 3 g sugar per serving, 120 mg caffeine per serving topped whip cream 32oz topped whip cream 32oz",,9.68
,Large Mocha Protein Ice Coffee,Regular,Protein Coffee,"20 g protein per serving, 150 calories per serving, 3 g sugar per serving, 120 mg caffeine per serving topped whip cream 32oz",,9.68
,Cola - Ginger 6pack kit,Regular,Kits & Programs,Tea kits with ginger LO and Cola L/o,,0.00
,Christmas Tea Kit,Regular,Kits & Programs,12 days of christmas,,100.00
,Aloe / Hibiscus NRG Kicker,Regular,Boosters & Shots,"Hibiscus TEA, Aloe, lift off, flavor Enhancer",,8.50
,Protein Jello,Regular,Bars & Snacks,Calories: 67. Protein: 8.6 Fat: 0g,,3.75
,Collagen pack,Regular,Boosters & Shots,Collagen to-go,,3.25
,Green kicker,Regular,Boosters & Shots,"Green Vegan, Apple flavor, NRG",,8.50
,NRG Tea Passionfruit pack,Regular,Boosters & Shots,,,1.85
,Hydration/ Protein Bottle 8oz,Regular,Boosters & Shots,"Hydration + Protein 15g protein, Vitamin C, E and A, Electrolytes for rapid hydration",,5.25
,Intense Defense- Bottleoz,Regular,Boosters & Shots,"zinc & Vitamin D, Echinacea, 1,000 mg of Vitamin C",,4.75
,Valentine Box,Regular,Kits & Programs,Best Defense with tea,,40.00
,Best Defense Ginger,Regular,Boosters & Shots,"Immune Booster 1000mg Vitamin C, Zinc, Echinacea Drink",,2.75
,Best Defense Watermelon,Regular,Boosters & Shots,"Immune Booster 1000mg Vitamin C, Zinc, Echinacea Drink",,2.75
,Greens packet,Regular,Boosters & Shots,,,4.50
,Ginger Tea Packet,Regular,Boosters & Shots,one serving of Ginger tea,,1.85
,Berry Immune -bottle 8oz,Regular,Boosters & Shots,"Elderberry, Vitamin D, Zinc, reishi mushrooms",,4.75
,Watermelon Intense Defense- Bottle 8oz,Regular,Boosters & Shots,"zinc & Vitamin D, Echinacea, 1,000 mg of Vitamin C",,4.75
,Green Shot -Bottle 8oz,Regular,Boosters & Shots,Green Superfood include ashwagandha and probiotic,,4.75
,Delivery $1 when MULTIPLE Teachers order,Regular,Fees & Supplies,Delivery,,1.00
,Aloe Kicker,Regular,Boosters & Shots,"TEA, Aloe, lift off, flavor Enhancer",,8.50
,Collagen Kicker,Regular,Boosters & Shots,"Lemon tea plus orange lift off, Collagen",,8.50
,Bottle 32oz,Regular,Fees & Supplies,Refrigerator bottle,,0.97
,Delivery $3,Regular,Fees & Supplies,Delivery fee,,3.00
,Mega tea S,Regular,Boosters & Shots,"Lemon tea, stick orange lift off, collagen",,8.00
,Granola,Regular,Bars & Snacks,toppings,,1.00
,Gourmet 32oz,Regular,Fees & Supplies,upsize your shake from a 24 oz cup to a 32 oz,,2.31
,Donut Shot Fat Blaster,Regular,Bars & Snacks,Hunger Control and Fat Burner,,6.00
,Collagen Beauty Booster,Regular,Bars & Snacks,"Supports strong nails and healthy hair with selenium, zinc and biotin. Vitamin A, C, E.",,3.50
,Apple Fiber,Regular,Boosters & Shots,Boost 5g extra fiber,,2.25
,Probiotic,Regular,Boosters & Shots,Balance Digestion,,2.00
,Extra Protein,Regular,Toppings & Add-Ons,Boost extra 7.5g protein,,2.00
,Tropical Fiber,Regular,Boosters & Shots,Boost 5g extra fiber,,2.25
,Total Control Packet,Regular,Boosters & Shots,,,3.50
,H3O,Regular,Boosters & Shots,"provides rapid hydration, immediate energy and Vitamins C and E antioxidant support",,2.50
,Gift Card $5 value,Regular,Gift Cards,"Starts at $5, click multiple times for more",,5.00
,Gift Card $10 value,Regular,Gift Cards,"Starts at $10, click multiple times for more",,10.00
,Fat Release Pack,Regular,Boosters & Shots,"Reduces a portion of fat calories from being absorbed when taken with a meal containing fats* Enhances the amount of dietary fat eliminated from the body* Formulated with Litramine® to promote a feeling of fullness* Not formulated with caffeine, stimulants, synthetic metabolic enhancers or fat-blocking chemicals that alter the healthy body's normal metabolism Convenient, single-serve portions",,3.00
,Best Defense Orange,Regular,Boosters & Shots,"Immune Booster 1000mg Vitamin C, Zinc, Echinacea Drink",,2.75
,Club 3 Day Challenge,Regular,Kits & Programs,,,35.24
,Immunity Tea-,Regular,Boosters & Shots,"Help strengthen your immune system by balancing your immune response with EpiCor ® and Vitamin D* EpiCor®, acts like a multivitamin for your immune system, zinc, vitamin C, & D",,2.50
,BCAA,Regular,Boosters & Shots,,,3.00
,Muffin,Regular,Bars & Snacks,70 calories 6 gram protein,,3.00
,Pre Workout Tropical,Regular,Boosters & Shots,Pre-workout,,5.00
,Protein Peach Bev Mix 1 scoop,Regular,Bars & Snacks,"7.5g protein snack, 0g Sugar",,2.75
,Cookies and Cream Shake Packet -17g,Regular,Bars & Snacks,Full Healthy Meal to go,,7.00
,Protein Wild Berry Bev Mix 1 scoop,Regular,Bars & Snacks,"7.5g protein snack, 0g Sugar",,2.75
,Enhance Protein,Regular,Bars & Snacks,"24g protein, whey protein,",,7.50
,Pre Workout Watermelon,Regular,Boosters & Shots,Pre-workout,,5.00
,Niteworks Boost Lemon,Regular,Boosters & Shots,NOBEL PRIZE WINNING NITRIC OXIDE FORMULA,,3.50
,Niteworks Boost Mango,Regular,Boosters & Shots,NOBEL PRIZE WINNING NITRIC OXIDE FORMULA,,3.50
,No Ice,Regular,Toppings & Add-Ons,,,0.00
,Sprinkles,Regular,Toppings & Add-Ons,,,0.00
,Whipped Cream,Regular,Toppings & Add-Ons,toppings,,1.25
,Cinnamon,Regular,Toppings & Add-Ons,toppings,,1.25
,Oatmeal,Regular,Toppings & Add-Ons,,,1.25
,CR7 scoop,Regular,Boosters & Shots,Hydration- electrolytes,,2.50
,Banana Slices,Regular,Toppings & Add-Ons,toppings,,1.25
,Strawberry Slices,Regular,Toppings & Add-Ons,toppings,,1.25
,Pecan Toppings,Regular,Toppings & Add-Ons,toppings,,1.25
,Chocolate Chips,Regular,Toppings & Add-Ons,toppings,,1.25
,Cucumber Slices,Regular,Toppings & Add-Ons,toppings,,1.25
,Rebuild Add Single Scoop,Regular,Toppings & Add-Ons,Chocolate rebuild add on for shakes,,3.25
,Add Peanut Cookie Protein,Regular,Toppings & Add-Ons,"protein base for custom shakes, peanut butter flavored",,2.00
,Mini Donuts 6 count,Regular,Bars & Snacks,144 calories 9g protein 21g carb 3.6g fat *** no toppings,,4.00
,Protein powder funnel,Regular,Fees & Supplies,Carry around your proteins to mix in drinks and snacks on the go,,2.00
,CR7 to go Pack,Regular,Boosters & Shots,"Hydration 320mg electrolytes, potassium 125mg, magnesium 60mg, B12",,3.50
,NRG Individual Tea,Regular,Boosters & Shots,add on,,1.85
,Peach Individual tea,Regular,Boosters & Shots,To-go Peach tea,,1.85
,Orange Push pop Kicker,Regular,Boosters & Shots,"B6 & B12, Hydration",,8.50
,NRG Kicker,Regular,Boosters & Shots,"Lemon tea plus orange lift off, NRG",,8.50
,Greens Booster,Regular,Boosters & Shots,,,4.00
,Plant-base Digestive support,Regular,Boosters & Shots,3g fiber plus probiotics,,2.00
,Fit Kits,Regular,Kits & Programs,"Rebuild (post workout shake), CR7 (hydration & recovery) & Liftoff (pre workout)",,15.00
,Survival kit,Regular,Kits & Programs,"orange lift off stick, total control, fat release",,10.00
,Boba,Regular,Toppings & Add-Ons,Popping Pearls,,1.00
,Promo collagen,Regular,Boosters & Shots,,,2.00
,Creatine,Regular,Boosters & Shots,Flavorless 5g Creatine (add to any drink),,1.75
,"Aloe Concentrate Single-Serve Packets: Cranberry, Mandarin, Mango",Regular,Boosters & Shots,single serving pack,,3.00
,Herbal Aloe Concentrate Single-Serve Packets: Mango,Regular,Boosters & Shots,Herbal Aloe Concentrate Single-Serve Packets: Mango,,3.00
,Fat reducer cookie,Regular,Bars & Snacks,8hr Hunger Control and Fat Burner,,6.00
,Prolessa Fat Reducer,Regular,Boosters & Shots,Hunger Control and Fat Burner,,6.00
,Cherry bomb kicker,Regular,Boosters & Shots,"CR7 pack, BlackBerry Spark, fruit punch",,8.50
